[{"Objecttag":"MarkusHeld","Names":null,"Path":[["Fahrzeug1.xlsx","Default"]]},{"Objecttag":"Pylonen","Names":null,"Path":[["Fahrzeug1.xlsx","!Rechts","Default"]]},{"Objecttag":"Saugschlauch","Names":null,"Path":[["Fahrzeug1.xlsx","!Rechts","Default"]]},{"Objecttag":"Zubeh\u00F6r Faltbeh\u00E4lter","Names":null,"Path":[["Fahrzeug1.xlsx","!Rechts","Default"]]},{"Objecttag":"Faltbeh\u00E4lter","Names":null,"Path":[["Fahrzeug1.xlsx","!Rechts","Default"]]},{"Objecttag":"Suchscheinwerfer","Names":null,"Path":[["Fahrzeug1.xlsx","!Rechts","Default"]]}]