[{"Filename":"Fahrzeug1.xlsx","Worksheet":"Default","Name":"Rechteck 6","IsTextlink":true,"IsObject":false,"Textlink":"!Links","Parent":null,"Child":null,"X":0,"Y":0,"W":481,"H":204},{"Filename":"Fahrzeug1.xlsx","Worksheet":"Default","Name":"Rechteck 13","IsTextlink":true,"IsObject":false,"Textlink":"!Rechts","Parent":null,"Child":null,"X":0,"Y":225,"W":483,"H":209},{"Filename":"Fahrzeug1.xlsx","Worksheet":"Default","Name":"Rechteck 11","IsTextlink":true,"IsObject":false,"Textlink":"!Hinten","Parent":null,"Child":null,"X":502,"Y":0,"W":282,"H":337},{"Filename":"Fahrzeug1.xlsx","Worksheet":"Default","Name":"Rechteck 12","IsTextlink":false,"IsObject":true,"Textlink":"MarkusHeld","Parent":null,"Child":null,"X":795,"Y":0,"W":282,"H":337},{"Filename":"Fahrzeug1.xlsx","Worksheet":"!Links","Name":"Rechteck 3","IsTextlink":true,"IsObject":false,"Textlink":"!Fahrerkabine","Parent":null,"Child":null,"X":133,"Y":88,"W":127,"H":240},{"Filename":"Fahrzeug1.xlsx","Worksheet":"!Links","Name":"Rechteck 4","IsTextlink":true,"IsObject":false,"Textlink":"!Mannschaft","Parent":null,"Child":null,"X":271,"Y":87,"W":189,"H":240},{"Filename":"Fahrzeug1.xlsx","Worksheet":"!Links","Name":"Rechteck 6","IsTextlink":true,"IsObject":false,"Textlink":"!G1","Parent":null,"Child":null,"X":490,"Y":82,"W":194,"H":203},{"Filename":"Fahrzeug1.xlsx","Worksheet":"!Links","Name":"Rechteck 8","IsTextlink":true,"IsObject":false,"Textlink":"!G3","Parent":null,"Child":null,"X":689,"Y":81,"W":177,"H":201},{"Filename":"Fahrzeug1.xlsx","Worksheet":"!Rechts","Name":"Rechteck 4","IsTextlink":false,"IsObject":true,"Textlink":"Pylonen","Parent":null,"Child":null,"X":263,"Y":230,"W":55,"H":117},{"Filename":"Fahrzeug1.xlsx","Worksheet":"!Rechts","Name":"Rechteck 5","IsTextlink":false,"IsObject":true,"Textlink":"Saugschlauch","Parent":null,"Child":null,"X":330,"Y":232,"W":41,"H":79},{"Filename":"Fahrzeug1.xlsx","Worksheet":"!Rechts","Name":"Rechteck 6","IsTextlink":true,"IsObject":false,"Textlink":"!KistenG4","Parent":null,"Child":null,"X":82,"Y":228,"W":176,"H":114},{"Filename":"Fahrzeug1.xlsx","Worksheet":"!Rechts","Name":"Rechteck 9","IsTextlink":true,"IsObject":false,"Textlink":"!KistenG2","Parent":null,"Child":null,"X":377,"Y":120,"W":188,"H":228},{"Filename":"Fahrzeug1.xlsx","Worksheet":"!Rechts","Name":"Rechteck 10","IsTextlink":false,"IsObject":true,"Textlink":"Zubeh\u00F6r Faltbeh\u00E4lter","Parent":null,"Child":null,"X":77,"Y":162,"W":240,"H":61},{"Filename":"Fahrzeug1.xlsx","Worksheet":"!Rechts","Name":"Rechteck 11","IsTextlink":false,"IsObject":true,"Textlink":"Faltbeh\u00E4lter","Parent":null,"Child":null,"X":72,"Y":104,"W":245,"H":56},{"Filename":"Fahrzeug1.xlsx","Worksheet":"!Rechts","Name":"Rechteck 14","IsTextlink":true,"IsObject":false,"Textlink":"!Fahrerkabine","Parent":null,"Child":null,"X":860,"Y":122,"W":171,"H":228},{"Filename":"Fahrzeug1.xlsx","Worksheet":"!Rechts","Name":"Rechteck 15","IsTextlink":true,"IsObject":false,"Textlink":"!Mannscahft","Parent":null,"Child":null,"X":600,"Y":126,"W":230,"H":228},{"Filename":"Fahrzeug1.xlsx","Worksheet":"!Rechts","Name":"Rechteck 16","IsTextlink":false,"IsObject":true,"Textlink":"Suchscheinwerfer","Parent":null,"Child":null,"X":1042,"Y":115,"W":38,"H":121},{"Filename":"Start.xlsx","Worksheet":"Default","Name":"Rechteck 11","IsTextlink":true,"IsObject":false,"Textlink":"!Fahrzeug1","Parent":null,"Child":null,"X":1,"Y":0,"W":507,"H":376},{"Filename":"Start.xlsx","Worksheet":"Default","Name":"Rechteck 12","IsTextlink":true,"IsObject":false,"Textlink":"!Weitere_Datei","Parent":null,"Child":null,"X":534,"Y":0,"W":323,"H":376}]