[{"Filename":"Fahrzeug1.xlsx","worksheet":"Default","name":"Grafik 14","x":501,"y":0,"w":286,"h":334,"Filelink":"FData/Bilder/Fahrzeug1.xlsx_Default_Grafik 14.jpg"},{"Filename":"Fahrzeug1.xlsx","worksheet":"Default","name":"Grafik 10","x":0,"y":227,"w":482,"h":208,"Filelink":"FData/Bilder/Fahrzeug1.xlsx_Default_Grafik 10.jpg"},{"Filename":"Fahrzeug1.xlsx","worksheet":"Default","name":"Grafik 9","x":0,"y":0,"w":481,"h":203,"Filelink":"FData/Bilder/Fahrzeug1.xlsx_Default_Grafik 9.jpg"},{"Filename":"Fahrzeug1.xlsx","worksheet":"!Links","name":"Grafik 2","x":0,"y":0,"w":955,"h":403,"Filelink":"FData/Bilder/Fahrzeug1.xlsx_!Links_Grafik 2.jpg"},{"Filename":"Fahrzeug1.xlsx","worksheet":"!Rechts","name":"Grafik 12","x":0,"y":0,"w":1224,"h":525,"Filelink":"FData/Bilder/Fahrzeug1.xlsx_!Rechts_Grafik 12.jpg"},{"Filename":"Start.xlsx","worksheet":"Default","name":"Grafik 13","x":0,"y":34,"w":582,"h":339,"Filelink":"FData/Bilder/Start.xlsx_Default_Grafik 13.jpg"}]