{
  "cacheBootResources": true,
  "config": [ ],
  "debugBuild": false,
  "entryAssembly": "Fahrzeugkunde",
  "icuDataMode": 0,
  "linkerEnabled": true,
  "resources": {
    "assembly": {
      "Blazored.Typeahead.dll": "sha256-UzBX1AnzM7b98cHBNoqM3Q7GKD9ImW4RKOGV8cPMZHI=",
      "Microsoft.AspNetCore.Components.dll": "sha256-Z\/zw05S1Wz\/t+oFmyVOVSUsCJmS9OGVdYxBYnrpNBvQ=",
      "Microsoft.AspNetCore.Components.Forms.dll": "sha256-9evkF44akZ\/hxakj9REftmN2PIEYmlaolPPaT3jB3p0=",
      "Microsoft.AspNetCore.Components.Web.dll": "sha256-78l628yj51EyoiysZ\/h1hEkad2skihAqOWuHlHSlX8c=",
      "Microsoft.AspNetCore.Components.WebAssembly.dll": "sha256-JVkYXLuEzAp5O0O0zcGBVkfktW5l1F3xyvH12EaEZOQ=",
      "Microsoft.Extensions.Configuration.dll": "sha256-bZZ69\/58+BnN9G33FpTd2iXAdfgLbBnDUiiKxfaZ7IU=",
      "Microsoft.Extensions.Configuration.Abstractions.dll": "sha256-7mxFRRlriJzO95ZBz4cmDSFADogdaoDy8MxzQoNtwaU=",
      "Microsoft.Extensions.Configuration.Json.dll": "sha256-cwzKuqTaJjYc5QXknt6NaBt\/MWSt9DYHfmu0I\/CV2mc=",
      "Microsoft.Extensions.DependencyInjection.dll": "sha256-MkujZ2O91jcr9W7eZzr22Fso+qza0R22PIDvFb\/fJVo=",
      "Microsoft.Extensions.DependencyInjection.Abstractions.dll": "sha256-AjnkOnqoQDS4FBQ7U5SmjPIthDVSq5uP1l6ACz+CUVw=",
      "Microsoft.Extensions.Logging.dll": "sha256-TpIA498zSsaZAjS+42XzHSmeWdSuY4\/\/ydfZQGlz1O8=",
      "Microsoft.Extensions.Logging.Abstractions.dll": "sha256-OsmdQoFiNmpqW0WHVklQ4R5\/fLVeqFPmPBRQzZxxufQ=",
      "Microsoft.Extensions.Options.dll": "sha256-g1C9Fnh++M4k1mLduCz2yUnf\/70tTCbdZ\/s6bDjsmZM=",
      "Microsoft.Extensions.Primitives.dll": "sha256-32yXMbcCMbfUq7vtlIPput8uO7SZK8E9m3V8EXMScBc=",
      "Microsoft.JSInterop.dll": "sha256-TR5hDhis1xKErFGi0z7WTfCvkHgS9BWrl9meUe7pJ1M=",
      "Microsoft.JSInterop.WebAssembly.dll": "sha256-ZgZxgsJuivJx1FZBYEZrIMDwbVwRAg9xRMD7wCwEQUM=",
      "Newtonsoft.Json.dll": "sha256-dynSyVRw634jYoxRfV3ogqFeCGZk7RFbdDmfT1x04F0=",
      "System.IO.Pipelines.dll": "sha256-qZYTUS+ga7CydtH54fYPbehFCvx3B49I74G8dxreTog=",
      "Fahrzeugkunde.dll": "sha256-ra3OFQZvEFlRhFKbmpGsHgUmg5NEcFWWSH5OJjLOz7U=",
      "System.Collections.Concurrent.dll": "sha256-Lz3ZOduIBiJjsYuf9MZnx4Sw9eIYRwhf0jh6ptaArAo=",
      "System.Collections.Immutable.dll": "sha256-PaTR6ElJn2hDTTfVR0G8wIAQ2S2dETGa1QeiUY17kBc=",
      "System.Collections.NonGeneric.dll": "sha256-HXf+jbNjGHYOr09FnhU6Qy69AwZfW6mr1294LLOzyfE=",
      "System.Collections.Specialized.dll": "sha256-6fcfZyP10MlhRf3UFnXSDJYUqrSpUOowjobTs\/6ABNI=",
      "System.Collections.dll": "sha256-G3V4V+Qokt+310t7CoRkSckpJ6VlXmSbQ2otKkqFNgc=",
      "System.ComponentModel.Primitives.dll": "sha256-CTxGzPCcBdkJJgN29Ug9kxJeYv32KMP2XMLxZ1QCqiE=",
      "System.ComponentModel.TypeConverter.dll": "sha256-Dbr0pbZdMAOMXa7nR5OTHKHp\/NCG4blCYPOHxbIa798=",
      "System.ComponentModel.dll": "sha256-992QOorVm9pdItb9fRFoTaRSqx4hz0bPMKq7aKD3p6w=",
      "System.Console.dll": "sha256-Und4J2DrvnIKdmkXUjEhcjVwWvUc8at1YETSMMWaYVw=",
      "System.Data.Common.dll": "sha256-+36cJshH59DtrDGzVjT0awBY9ld6JYavgnxbXFp6A+Q=",
      "System.Diagnostics.TraceSource.dll": "sha256-i0LdCKm3k2zP4QOG13ER7KI27pRk2eymo9lJStvXM2U=",
      "System.Drawing.Primitives.dll": "sha256-o9zenN60lUj1hYSb84J4C8eeguSc\/qYnChl8ilBURtI=",
      "System.IO.FileSystem.dll": "sha256-iEgyamBMlWdMWmiLvkSd1lmM9qslotwAkuIPB3j\/T7Y=",
      "System.Linq.Expressions.dll": "sha256-OSWsZ6Dp9RF\/S4bBAxNpshV7Asmm3rqw4naLFNYYtFQ=",
      "System.Linq.dll": "sha256-CTm5IXVfuFKmaMCzlq4x73MohvtjTybKiVpaEXyeWNQ=",
      "System.Memory.dll": "sha256-uP5t1YUOHsLZM1FmPokMCxrkf5HRaLQfFaiSrHYsSyk=",
      "System.Net.Http.Json.dll": "sha256-v8067of0NycS4K67i+aKZIgCtOTw4LSQj3mkYv8FRz8=",
      "System.Net.Http.dll": "sha256-H2W8Ev34d42Y9EU9nBpBIjtaFHV1xZ4psavYKVDcXgc=",
      "System.Net.Primitives.dll": "sha256-hb0+IqSvWJcfYi4m9rIWfdaOFFTsajLGgU4lpLBMSvc=",
      "System.ObjectModel.dll": "sha256-\/u88uAjUDyb8QPHMH8NWTgr38aY2KtH0kiu3ruhtsCQ=",
      "System.Private.Runtime.InteropServices.JavaScript.dll": "sha256-GLin8MOD\/IEQyMQsmzM+xcN2o5wJlP3OBjc5Bc0vBJU=",
      "System.Private.Uri.dll": "sha256-3F7e8GTbHkw\/tCY9gFR4SMDY02JDEmOWjIfmnX9KnJo=",
      "System.Private.Xml.Linq.dll": "sha256-RVd2L\/aKCYtRmtckp4dKb29hYDPWSvHZcIPDvgFo9Us=",
      "System.Private.Xml.dll": "sha256-Kd2pYhFF+PdAGhN5GVX3U9nzFFflq6ywGn16M2LYf7w=",
      "System.Runtime.CompilerServices.Unsafe.dll": "sha256-GEySmGhtvGbv56DLJ\/JpZft8j0V0AGOjVxb9RLihJM4=",
      "System.Runtime.InteropServices.RuntimeInformation.dll": "sha256-Fi\/opQiEC89VkXba7O3mWPciajM8zJxPLytH39DE5mM=",
      "System.Runtime.Numerics.dll": "sha256-2koLKzEkgZbZJ\/vOTizq8yFRl1q0lJMOmoy5e\/zvbxo=",
      "System.Runtime.Serialization.Formatters.dll": "sha256-vCvH3+iucjZTIg3YUVexk1ugeALQkFPfG4jCQpyBwSg=",
      "System.Runtime.Serialization.Primitives.dll": "sha256-tEpYzTVou9qkb2nZ+Bbe0XUxR2iVH8BX6JVjNS2C5xc=",
      "System.Security.Cryptography.Algorithms.dll": "sha256-EGHH1zRt7P83rW07AkHlCzaua55M+PyFwCl0pcb+yqg=",
      "System.Text.Encodings.Web.dll": "sha256-5G5fWLAre5QkeTjx3LNhRf0hot\/ikOlhSTyCGT\/LSOU=",
      "System.Text.Json.dll": "sha256-DITuS86JcF1JRjAgyG1lAwUOR6sBWXHPO06SeEn9c0w=",
      "System.Text.RegularExpressions.dll": "sha256-4hPgvJicU96kNWoTIfhf5Yq+FapCGtK0aSKfC64c7Is=",
      "System.Private.CoreLib.dll": "sha256-JF\/Z+M3At8ID8FyrGod4u5wkc4GM\/hVGfGJM5z9BeD0="
    },
    "lazyAssembly": null,
    "pdb": null,
    "runtime": {
      "dotnet.timezones.blat": "sha256-ir9YCVnnk7popgsYUkvitfGA4WpkP1ydPh\/ENHnxGys=",
      "dotnet.wasm": "sha256-YXYNlLeMqRPFVpY2KSDhleLkNk35d9KvzzwwKAoiftc=",
      "icudt.dat": "sha256-m7NyeXyxM+CL04jr9ui1Z6pVfMWwhHusuz5qNZWpAwA=",
      "icudt_CJK.dat": "sha256-91bygK5voY9lG5wxP0\/uj7uH5xljF9u7iWnSldT1Z\/g=",
      "icudt_EFIGS.dat": "sha256-DPfeOLph83b2rdx40cKxIBcfVZ8abTWAFq+RBQMxGw0=",
      "icudt_no_CJK.dat": "sha256-oM7Z6aN9jHmCYqDMCBwFgFAYAGgsH1jLC\/Z6DYeVmmk=",
      "dotnet.5.0.12.js": "sha256-WS05RNygETTzJa6IrHiyyVLJPZpiosV319Lgm41Sv48="
    },
    "satelliteResources": null
  }
}